{
    "_ColorR": 1.0,
    "_ColorG": 1.0,
    "_ColorB": 1.0,
    "_RampLevels": 3.0,
    "_LightScalar": 1.0,
    "_HighColorR": 0.6094338297843933,
    "_HighColorG": 1.0,
    "_HighColorB": 0.6630409955978394,
    "_HighIntensity": 1.5,
    "_LowColorR": 0.08510635048151016,
    "_LowColorG": 1.0,
    "_LowColorB": 0.0,
    "_LowIntensity": 1.0,
    "_OutlineColorR": 0.0,
    "_OutlineColorG": 0.0,
    "_OutlineColorB": 0.0,
    "_OutlineSize": 25.0,
    "_RimColorR": 1.0,
    "_RimColorG": 1.0,
    "_RimColorB": 1.0,
    "_RimAlpha": 0.550000011920929,
    "_RimPower": 0.34700000286102297,
    "_RimDropOff": 0.41100001335144045,
    "_FresnelColorR": 1.0,
    "_FresnelColorG": 1.0,
    "_FresnelColorB": 1.0,
    "_FresnelBrightness": 0.38999998569488528,
    "_FresnelPower": 0.22599999606609345,
    "_FresnelShadowDropoff": 0.25999999046325686,
    "_GradYCap": 0.0,
    "_GradIntensity": 0.0
}